Actual_Price,Predicted_Price,Difference,Absolute_Error,Percentage_Error
460000.0,471204.55,11204.55,11204.55,2.44
750000.0,782150.20,32150.20,32150.20,4.29
310000.0,332900.80,22900.80,22900.80,7.39
640000.0,612400.15,-27599.85,27599.85,4.31
1230000.0,1194300.40,-35699.60,35699.60,2.90
385000.0,398500.12,13500.12,13500.12,3.51
525000.0,541200.75,16200.75,16200.75,3.09
285000.0,296400.90,11400.90,11400.90,4.00
920000.0,885000.60,-34999.40,34999.40,3.80
410000.0,428300.25,18300.25,18300.25,4.46
696000.0,724500.80,28500.80,28500.80,4.09
335000.0,351200.40,16200.40,16200.40,4.84
580000.0,604100.50,24100.50,24100.50,4.16
485000.0,469800.30,-15199.70,15199.70,3.13
1440000.0,1382100.00,-57900.00,57900.00,4.02
252700.0,268900.10,16200.10,16200.10,6.41
780000.0,812000.35,32000.35,32000.35,4.10
362500.0,348000.80,-14499.20,14499.20,4.00
438000.0,452100.90,14100.90,14100.90,3.22
625000.0,649200.45,24200.45,24200.45,3.87
