id,date,price,bedrooms,bathrooms,sqft_living,sqft_lot,floors,waterfront,view,condition,grade,sqft_above,sqft_basement,yr_built,yr_renovated,zipcode,lat,long,sqft_living15,sqft_lot15
7129300520,20141013T000000,221900,3,1.0,1180,5650,1.0,0,0,3,7,1180,0,1955,0,98178,47.5112,-122.257,1340,5650
6414100192,20141209T000000,538000,3,2.25,2570,7242,2.0,0,0,3,7,2170,400,1951,1991,98125,47.7210,-122.319,1690,7639
5631500400,20150225T000000,180000,2,1.0,770,10000,1.0,0,0,3,6,770,0,1933,0,98028,47.7379,-122.233,2720,8062
2487200875,20141209T000000,604000,4,3.0,1960,5000,1.0,0,0,5,7,1050,910,1965,0,98136,47.5208,-122.393,1360,5000
1954400510,20150218T000000,510000,3,2.0,1680,8080,1.0,0,0,3,8,1680,0,1987,0,98074,47.6168,-122.045,1800,7503
7237550310,20140512T000000,1225000,4,4.5,5420,101930,1.0,0,0,3,11,3890,1530,2001,0,98053,47.6561,-122.005,4760,101930
1321400060,20140627T000000,257500,3,2.25,1715,6819,2.0,0,0,3,7,1715,0,1995,0,98003,47.3097,-122.327,2238,6819
2008000270,20150115T000000,291850,3,1.5,1060,9711,1.0,0,0,3,7,1060,0,1963,0,98198,47.4095,-122.315,1650,9711
2414600126,20150415T000000,229500,3,1.0,1780,7470,1.0,0,0,3,7,1050,730,1960,0,98146,47.5123,-122.337,1780,8113
3793500160,20150312T000000,323000,3,2.5,1890,6560,2.0,0,0,3,7,1890,0,2003,0,98038,47.3684,-122.031,2390,7570
1736800520,20150403T000000,662500,3,2.5,3560,9796,1.0,0,0,3,8,1860,1700,1965,0,98007,47.6007,-122.145,2210,8925
9212900260,20140527T000000,468000,2,1.0,1160,6000,1.0,0,0,4,7,860,300,1942,0,98115,47.6900,-122.292,1330,6000
0114101516,20140528T000000,310000,3,1.0,1430,19901,1.5,0,0,4,7,1430,0,1927,0,98028,47.7558,-122.229,1780,12697
6054650070,20141007T000000,400000,3,1.75,1370,9680,1.0,0,0,4,7,1370,0,1977,0,98074,47.6127,-122.045,1370,10208
1175000570,20150312T000000,530000,5,2.0,1810,4850,1.5,0,0,3,7,1810,0,1900,0,98107,47.6700,-122.394,1360,4850
9297300055,20150124T000000,650000,4,3.0,2950,5000,2.0,0,3,3,9,1980,970,1979,0,98126,47.5714,-122.375,2140,4000
1875500060,20140731T000000,395000,3,2.0,1890,14040,2.0,0,0,3,7,1890,0,1994,0,98019,47.7277,-121.962,1890,14018
6865200140,20140529T000000,485000,4,1.0,1600,4300,1.5,0,0,4,7,1600,0,1916,0,98103,47.6648,-122.343,1610,4300
16000397,20141205T000000,189000,2,1.0,1200,9850,1.0,0,0,4,7,1200,0,1921,0,98002,47.3089,-122.210,1060,5095
7983200060,20150424T000000,230000,3,1.0,1250,9774,1.0,0,0,4,7,1250,0,1969,0,98003,47.3343,-122.306,1280,8850
6300500875,20140514T000000,385000,4,1.75,1620,4980,1.0,0,0,4,7,860,760,1947,0,98133,47.7025,-122.341,1400,4980
2524049179,20140826T000000,2000000,3,2.75,3050,44867,1.0,0,4,3,9,2330,720,1968,0,98040,47.5316,-122.233,4110,20336
7137970340,20140703T000000,285000,5,2.5,2270,6300,2.0,0,0,3,8,2270,0,1995,0,98092,47.3266,-122.169,2240,7005
8091400200,20140516T000000,252700,2,1.5,1070,9643,1.0,0,0,3,7,1070,0,1985,0,98030,47.3533,-122.166,1220,8386
3814700200,20141120T000000,329000,3,2.25,2450,6500,2.0,0,0,4,8,2450,0,1985,0,98030,47.3739,-122.172,2200,6865
1202000200,20141103T000000,233000,3,2.0,1710,4697,1.5,0,0,5,6,1710,0,1941,0,98002,47.3048,-122.218,1030,4705
1794500383,20140626T000000,937000,3,1.75,2450,2691,1.5,0,0,3,8,1750,700,1915,0,98119,47.6386,-122.360,1760,3573
3303700376,20141201T000000,667000,3,1.0,1400,1581,1.5,0,0,5,8,1400,0,1909,0,98112,47.6221,-122.314,1860,3861
5101402488,20140624T000000,438000,3,1.75,1520,6380,1.0,0,0,3,7,790,730,1948,0,98115,47.6950,-122.304,1520,6235
1873100390,20150302T000000,719000,4,2.5,2570,7173,2.0,0,0,3,8,2570,0,2005,0,98052,47.7073,-122.110,2630,6026
8562750320,20141110T000000,580500,3,2.5,2320,3980,2.0,0,0,3,8,2320,0,2003,0,98027,47.5391,-122.070,2580,3980
2426039314,20141201T000000,280000,2,1.5,1190,1265,3.0,0,0,3,7,1190,0,2005,0,98133,47.7274,-122.357,1390,1756
461000390,20140624T000000,687500,4,1.75,2330,5000,1.5,0,0,4,7,1510,820,1929,0,98117,47.6823,-122.368,1460,5000
52005579,20140828T000000,535000,3,2.5,1800,4220,2.0,0,0,3,8,1800,0,2004,0,98053,47.6886,-122.057,1780,3832
6448400020,20150309T000000,322500,4,2.75,2060,6659,1.0,0,0,3,7,1280,780,1981,0,98058,47.4276,-122.157,2020,8720
3717000160,20141009T000000,696000,5,2.5,2300,8214,2.0,0,0,3,8,2300,0,1968,0,98006,47.5550,-122.166,2360,8250
9435300030,20140528T000000,550000,4,1.75,2410,20573,1.0,0,0,4,8,1720,690,1958,0,98056,47.5118,-122.181,2130,14732
1013200040,20140922T000000,640000,4,2.5,2890,18226,2.0,0,0,3,8,2890,0,1984,0,98052,47.6321,-122.090,2360,13391
2524049179,20140502T000000,2400000,4,3.5,4050,13079,2.0,0,0,3,10,4050,0,1972,0,98040,47.5614,-122.217,3990,14765
1175000570,20140612T000000,605000,4,2.0,1960,6000,1.0,0,0,5,7,1220,740,1931,0,98103,47.6625,-122.340,1750,4000
8645500110,20141231T000000,775000,3,2.5,3220,8996,2.0,0,0,3,10,3220,0,2001,0,98075,47.5898,-122.053,3350,9179
2025049026,20150330T000000,1260000,4,2.75,3260,19542,1.0,0,0,4,10,2170,1090,1968,0,98004,47.6244,-122.213,3780,19542
4217402560,20150324T000000,400000,4,2.5,1940,4800,2.0,0,0,3,8,1940,0,1989,0,98052,47.6881,-122.122,2030,5100
9274200040,20140513T000000,685000,3,1.75,2070,3297,1.5,0,0,4,8,1690,380,1910,0,98119,47.6406,-122.365,2290,3800
7397300170,20141126T000000,436110,3,1.0,1450,6260,1.0,0,0,3,7,1450,0,1944,0,98126,47.5646,-122.375,1380,6260
1802000060,20140612T000000,780000,3,2.5,3150,3222,2.0,0,0,3,9,2670,480,1999,0,98116,47.5834,-122.399,1700,4000
2068000280,20140804T000000,450000,3,1.75,1710,8800,1.0,0,0,4,7,1200,510,1973,0,98034,47.7214,-122.235,1790,8800
4389201095,20150217T000000,750000,3,2.0,2440,4500,1.5,0,0,3,8,1700,740,1904,0,98112,47.6247,-122.302,2040,4500
5437100340,20140523T000000,565000,3,2.0,1400,4400,1.0,0,0,3,7,1000,400,1954,0,98199,47.6494,-122.399,1400,4400
1310930130,20141009T000000,572000,4,3.5,2750,7807,2.0,0,0,5,8,2250,500,1976,0,98052,47.6617,-122.148,1800,7241
2767603505,20140507T000000,450000,3,2.25,1660,1300,2.0,0,0,3,8,1320,340,1999,0,98117,47.6734,-122.391,1440,1411
7738500731,20140815T000000,496000,3,2.25,2100,9605,1.0,0,0,4,8,1620,480,1972,0,98008,47.6042,-122.122,2300,9619
4136980090,20141027T000000,385000,4,2.5,2470,6000,2.0,0,0,3,8,2470,0,1999,0,98042,47.3698,-122.122,2470,6000
1423400260,20140523T000000,385000,3,2.0,1970,7200,1.5,0,0,3,8,1970,0,1917,0,98118,47.5315,-122.257,1710,7500
8665900270,20140822T000000,452500,3,2.5,2430,88426,1.0,0,0,4,8,1570,860,1985,0,98024,47.5459,-121.872,2160,88426
7322900010,20140924T000000,530000,4,2.25,2360,7200,2.0,0,0,3,8,2360,0,1976,0,98034,47.7270,-122.222,2270,7200
9822700190,20140808T000000,1285000,4,4.25,4420,16526,2.0,0,0,3,11,4420,0,2013,0,98004,47.5914,-122.198,3960,14991
3885800011,20141222T000000,1440000,3,3.25,3110,8522,2.0,0,2,3,9,3110,0,2007,0,98004,47.6285,-122.216,3110,8522
4060000240,20140623T000000,252000,2,1.5,990,1236,2.5,0,0,3,7,990,0,2006,0,98106,47.5544,-122.361,1250,1236
567000385,20140630T000000,362500,2,1.5,940,1755,2.0,0,0,3,7,940,0,1990,0,98103,47.6698,-122.350,1680,4590
9558200040,20140828T000000,640000,4,2.5,2820,15000,2.0,0,0,4,9,2820,0,1986,0,98052,47.6694,-122.107,2440,15000
9407110710,20150226T000000,785000,4,3.25,3660,14810,2.0,0,2,3,10,3220,440,1999,0,98074,47.6160,-122.049,3650,14064
7922800400,20140917T000000,775000,3,2.25,3220,17990,2.0,0,0,3,10,3220,0,1984,0,98077,47.7475,-122.072,3300,18486
1070000245,20140529T000000,313000,3,1.5,1340,7800,1.5,0,0,3,7,1340,0,1923,0,98133,47.7168,-122.351,1390,7800
7234601215,20140508T000000,730000,4,2.5,2520,6000,2.0,0,0,3,9,2520,0,1999,0,98056,47.5188,-122.170,2520,6000
3832050860,20150319T000000,315000,3,1.0,1200,7228,1.0,0,0,3,7,1200,0,1955,0,98155,47.7558,-122.302,1200,7403
9407101640,20150204T000000,440000,4,2.5,2310,8198,2.0,0,0,3,8,2310,0,1998,0,98074,47.6141,-122.035,2310,7815
4358700170,20141107T000000,805000,4,2.5,2750,7350,2.0,0,0,3,9,2750,0,1989,0,98006,47.5588,-122.175,2750,7764
3010300240,20140916T000000,268500,4,1.5,1570,8300,1.0,0,0,4,7,1570,0,1958,0,98146,47.4988,-122.355,1440,8300
1180500070,20140604T000000,335000,3,2.5,1890,7900,2.0,0,0,3,7,1890,0,1996,0,98042,47.3629,-122.109,1900,7980
3904921470,20140728T000000,535000,3,2.5,2710,5000,2.0,0,0,3,9,2710,0,2001,0,98029,47.5501,-122.000,2770,5000
2044500020,20140630T000000,625000,4,2.5,2570,5510,2.0,0,0,3,8,2570,0,1999,0,98052,47.6888,-122.112,2460,5510
1723049033,20140620T000000,495000,4,1.75,1600,6380,1.0,0,0,3,7,1100,500,1959,0,98125,47.7010,-122.306,1090,7454
2078500070,20140722T000000,1230000,4,3.5,3850,13000,2.0,0,0,3,10,3850,0,2004,0,98039,47.6293,-122.235,3940,13000
9272202260,20140813T000000,685000,2,1.75,1390,4000,1.0,0,0,4,7,990,400,1910,0,98103,47.6548,-122.346,1390,4000
4140900050,20150311T000000,475000,3,1.5,1420,4950,1.5,0,0,4,7,1420,0,1941,0,98115,47.6974,-122.316,1360,4950
3021059304,20140915T000000,450000,3,1.75,1670,40000,1.0,0,0,4,7,1670,0,1968,0,98027,47.5303,-122.012,1850,12600
8861700030,20141212T000000,510000,3,1.5,1520,8583,1.5,0,0,3,7,1520,0,1942,0,98115,47.6961,-122.312,1590,8367
2770601530,20140826T000000,460000,3,1.0,1090,4980,1.5,0,0,4,7,1090,0,1924,0,98117,47.6836,-122.392,1090,4980
3343301040,20140707T000000,252500,2,1.5,1110,986,2.0,0,0,3,7,940,170,2004,0,98106,47.5408,-122.358,1110,1215
1025049014,20140917T000000,750000,3,1.75,2240,10593,1.0,0,0,3,8,1550,690,1961,0,98004,47.6256,-122.201,2550,12645
3832050760,20150319T000000,360000,3,2.5,1530,1131,3.0,0,0,3,8,1530,0,2006,0,98103,47.6993,-122.346,1530,1409
9297300055,20140514T000000,450000,3,1.75,1810,6000,1.0,0,0,3,7,1210,600,1954,0,98118,47.5392,-122.270,1810,6000
1175000570,20140904T000000,365000,4,1.75,1600,7920,1.0,0,0,4,7,1100,500,1968,0,98055,47.4647,-122.203,1600,7920
7202300110,20140605T000000,470000,4,2.5,2410,4250,1.5,0,0,4,7,1460,950,1929,0,98117,47.6849,-122.376,1360,5070
2144800340,20140826T000000,600000,3,1.75,1700,5000,1.0,0,0,4,7,1010,690,1951,0,98115,47.6843,-122.277,1590,5000
2008000270,20140929T000000,430000,4,1.5,1450,5000,1.5,0,0,3,7,1450,0,1916,0,98103,47.6521,-122.348,1500,4000
7524900070,20141020T000000,380000,3,2.0,1760,7200,1.0,0,0,3,8,1760,0,1986,0,98034,47.7126,-122.228,1870,7200
9212900260,20140822T000000,750000,3,2.5,2350,7822,2.0,0,0,3,8,2350,0,1992,0,98052,47.7102,-122.102,2350,8394
1236300040,20150504T000000,435000,3,1.5,1520,6000,1.0,0,0,3,7,1000,520,1945,0,98115,47.6854,-122.285,1520,6000
3421079032,20150217T000000,1230000,4,4.5,5420,101930,1.0,0,2,3,11,3890,1530,2001,0,98053,47.6561,-122.005,4760,101930
3352400100,20140702T000000,410000,3,1.75,1770,8208,1.0,0,0,4,7,1210,560,1963,0,98028,47.7634,-122.253,1780,8477
1324300212,20141029T000000,285000,3,1.5,1520,6600,1.0,0,0,3,7,1140,380,1953,0,98178,47.5020,-122.234,1420,6600
8665900270,20140714T000000,470000,3,1.75,1820,10360,1.0,0,0,4,7,1210,610,1977,0,98052,47.6888,-122.103,1790,9185
3303700376,20140618T000000,480000,3,2.5,1730,3200,2.0,0,0,3,7,1730,0,1998,0,98042,47.3712,-122.115,1900,4495
1175000570,20150325T000000,490000,3,1.75,1540,6832,1.0,0,0,3,7,1100,440,1968,0,98052,47.6888,-122.103,1540,7360
1873100390,20140708T000000,419000,3,1.5,1570,6700,1.0,0,0,4,7,1570,0,1956,0,98107,47.6706,-122.378,1620,5360
6414100192,20150428T000000,825000,4,2.5,2960,6500,2.0,0,0,3,9,2960,0,1990,0,98006,47.5702,-122.170,2960,6500
5631500400,20141113T000000,350000,3,1.5,1580,7500,1.0,0,0,3,7,1080,500,1968,0,98034,47.7225,-122.241,1600,7500
2487200875,20140519T000000,580000,4,2.5,2470,8750,2.0,0,0,3,8,2470,0,1986,0,98074,47.6256,-122.048,2550,8750
9528102990,20141201T000000,320000,3,1.0,1230,7200,1.0,0,0,4,7,1230,0,1959,0,98133,47.7410,-122.347,1330,7200
8665900500,20150311T000000,525000,3,2.5,2210,7500,2.0,0,0,3,8,2210,0,1990,0,98052,47.6890,-122.109,2190,7500
3421079033,20140905T000000,1450000,5,4.0,4660,18940,2.0,0,3,3,11,3660,1000,1999,0,98053,47.6620,-122.010,4120,18940
1324300300,20150119T000000,270000,2,1.0,1000,6000,1.0,0,0,3,6,1000,0,1948,0,98178,47.5015,-122.235,1150,6000
7234601300,20141010T000000,890000,4,3.25,3500,9000,2.0,0,0,3,10,3500,0,2003,0,98006,47.5620,-122.180,3300,9000
3832050900,20140615T000000,340000,3,1.5,1350,6500,1.0,0,0,3,7,1350,0,1962,0,98155,47.7580,-122.310,1350,6500
9407101700,20140818T000000,485000,4,2.5,2450,7200,2.0,0,0,3,8,2450,0,1995,0,98074,47.6150,-122.040,2400,7200
4358700200,20150212T000000,920000,4,3.0,3100,8500,2.0,0,0,3,10,3100,0,1994,0,98006,47.5600,-122.170,3050,8500
3010300300,20140722T000000,295000,3,1.75,1650,7800,1.0,0,0,3,7,1200,450,1960,0,98146,47.5000,-122.350,1500,7800
1180500100,20141105T000000,360000,4,2.5,2100,8000,2.0,0,0,3,8,2100,0,1998,0,98042,47.3650,-122.110,2100,8000
3904921500,20140510T000000,580000,4,2.5,2850,5500,2.0,0,0,3,9,2850,0,2003,0,98029,47.5520,-122.002,2800,5500
2044500100,20140930T000000,670000,4,2.75,2700,6000,2.0,0,0,3,9,2700,0,2001,0,98052,47.6900,-122.110,2600,6000
1723049100,20150410T000000,520000,3,2.0,1750,6000,1.0,0,0,4,8,1250,500,1965,0,98125,47.7050,-122.300,1600,6000
2078500100,20141015T000000,1750000,5,4.0,4300,15000,2.0,0,2,3,11,4300,0,2008,0,98039,47.6310,-122.230,4200,15000
9272202300,20140610T000000,725000,3,2.0,1550,4500,1.5,0,0,4,8,1150,400,1920,0,98103,47.6560,-122.342,1500,4500
4140900100,20141125T000000,495000,3,1.75,1600,5200,1.5,0,0,3,8,1600,0,1948,0,98115,47.6990,-122.312,1550,5200
3021059400,20150305T000000,480000,4,2.25,1850,35000,1.0,0,0,4,8,1850,0,1972,0,98027,47.5320,-122.010,1900,15000
8861700100,20140718T000000,545000,3,1.75,1680,8000,1.5,0,0,4,8,1680,0,1945,0,98115,47.6980,-122.310,1650,8000
2770601600,20141022T000000,490000,3,1.5,1250,5000,1.5,0,0,4,7,1250,0,1930,0,98117,47.6850,-122.390,1250,5000
3343301100,20150114T000000,265000,2,1.5,1150,1100,2.0,0,0,3,7,1000,150,2006,0,98106,47.5420,-122.355,1150,1200
1025049100,20140812T000000,820000,4,2.5,2600,11000,1.0,0,0,3,9,1800,800,1966,0,98004,47.6270,-122.200,2700,12000
3832050800,20140919T000000,385000,3,2.5,1620,1200,3.0,0,0,3,8,1620,0,2008,0,98103,47.7010,-122.344,1620,1300
9297300100,20150210T000000,480000,3,2.0,1950,6200,1.0,0,0,3,8,1350,600,1958,0,98118,47.5410,-122.268,1900,6200
1175000600,20141112T000000,390000,4,2.0,1750,8100,1.0,0,0,4,8,1250,500,1972,0,98055,47.4660,-122.200,1750,8100
7202300200,20140520T000000,510000,4,2.75,2550,4500,1.5,0,0,4,8,1600,950,1935,0,98117,47.6860,-122.374,1500,5000
2144800400,20141208T000000,640000,3,2.0,1850,5200,1.0,0,0,4,8,1150,700,1955,0,98115,47.6860,-122.275,1700,5200
2008000300,20150314T000000,460000,4,1.75,1580,5200,1.5,0,0,3,8,1580,0,1920,0,98103,47.6540,-122.345,1600,4200
7524900100,20140625T000000,410000,3,2.25,1900,7500,1.0,0,0,3,8,1900,0,1989,0,98034,47.7140,-122.225,1950,7500
9212900300,20141005T000000,795000,4,2.75,2500,8000,2.0,0,0,3,9,2500,0,1995,0,98052,47.7120,-122.100,2500,8500
1236300100,20150128T000000,465000,3,1.75,1650,6200,1.0,0,0,3,8,1100,550,1950,0,98115,47.6870,-122.283,1650,6200
3421079040,20140801T000000,1350000,4,4.25,5100,95000,1.0,0,2,3,11,3700,1400,2002,0,98053,47.6580,-122.003,4500,95000
3352400200,20141118T000000,435000,3,2.0,1880,8500,1.0,0,0,4,8,1300,580,1967,0,98028,47.7650,-122.251,1850,8500
1324300400,20150222T000000,310000,3,1.75,1620,6800,1.0,0,0,3,7,1220,400,1957,0,98178,47.5030,-122.232,1500,6800
8665900600,20140912T000000,500000,3,2.0,1950,10500,1.0,0,0,4,8,1300,650,1980,0,98052,47.6900,-122.101,1900,9500
3303700400,20140730T000000,510000,3,2.5,1850,3400,2.0,0,0,3,8,1850,0,2001,0,98042,47.3730,-122.112,1950,4600
1175000700,20150402T000000,520000,3,2.0,1680,7000,1.0,0,0,3,8,1200,480,1971,0,98052,47.6900,-122.101,1650,7500
1873100400,20140819T000000,450000,3,1.75,1690,6900,1.0,0,0,4,8,1690,0,1960,0,98107,47.6720,-122.376,1700,5500
6414100200,20141220T000000,875000,4,2.75,3150,6800,2.0,0,0,3,9,3150,0,1993,0,98006,47.5720,-122.168,3100,6800
5631500500,20150108T000000,375000,3,1.75,1700,7800,1.0,0,0,3,8,1180,520,1972,0,98034,47.7240,-122.239,1700,7800
2487200900,20140614T000000,615000,4,2.75,2600,9000,2.0,0,0,3,8,2600,0,1989,0,98074,47.6270,-122.046,2650,9000
